Subreddit,Total_Volume,Median_Virality,Depth_Density,Global_Toxicity,Negative_Homophily,Positive_Friction,Moderation_Rate
antitrampo,31239,3.6907359307359298,0.2619626926196269,0.539047557298927,0.5975289008502049,0.4753968253968254,0.012548417042799066
carros,62514,4.2416996047430855,0.3261390887290168,0.4708992987194715,0.5468132162723678,0.3453103126458236,0.016860223309978564
computadores,48634,4.2100057836899945,0.3444857496902107,0.3926678720618492,0.44303546661383,0.31651664224408627,0.010630423160751738
botecodoreddit,44322,3.854385026737968,0.2522831050228311,0.5174506125662938,0.5796608568324595,0.44393497290537726,0.025788547448219845
BrasildoB,20613,4.252747252747253,0.3878550440744368,0.6249690854231588,0.6766558966074313,0.4876425855513308,0.019211177412312617
brasilivre,40668,4.755320827489481,0.3906426155580609,0.6282377368284454,0.6630509641873278,0.5756376429199648,0.05257204681813711
brasil,68838,4.021538461538461,0.29466616933979856,0.5605288568669687,0.6177606177606177,0.42327287548400244,0.0221244080304483
DebatesBr,51059,5.360877192982455,0.4603854389721627,0.6350991120998938,0.6802199528672427,0.49189627228525123,0.022836326602557824
farialimabets,70291,4.141693792141362,0.3183217859892225,0.5081410735860997,0.5603545051698671,0.46751497005988024,0.010911781024597743
FilosofiaBAR,59436,4.717251461988305,0.3967935871743487,0.5416724257083622,0.6052483722774895,0.4614678899082569,0.02617941988020728
NoticiasBR,64661,5.607320574162681,0.4941588785046729,0.6589048064457901,0.6943407219088478,0.5981659024593581,0.057561745101374864
OpiniaoBurra,77358,4.9086628451538,0.42331055429005315,0.665569357074315,0.6984407682068834,0.58,0.030067995553142532
futebol,53106,3.980952380952381,0.2895622895622896,0.4931467623701894,0.5632174206617151,0.4296998420221169,0.013595450608217527
gamesEcultura,49442,3.921098039215686,0.29829242262540023,0.4258707280225389,0.5122986898658796,0.37095988305993177,0.009303830751183205
InfernoSocial,74235,4.299604743083004,0.3270561106840892,0.6274584999726073,0.6628049392631262,0.5326468523285748,0.01647470869535933
MemesBR,49672,4.060173499919417,0.3112359550561798,0.41324811630898656,0.4802919708029197,0.38129959253699336,0.014072314382348204
opiniaoimpopular,91928,4.03879917184265,0.3036491463006361,0.5741755170486306,0.6186367701122777,0.41244909831297266,0.026955878513619354
saopaulo,42763,3.814438502673798,0.28348348348348346,0.5095489638358391,0.5803622771707878,0.3828815977175464,0.021654233800247877
ShitpostBR,55622,4.192474972191324,0.3236363636363636,0.4236147829416376,0.49448654535553843,0.376688848558177,0.013915357232749632
videogamesbrasil,43835,4.327894736842106,0.3478787878787879,0.5014371503361905,0.5736761522622882,0.44166406005630277,0.11107562450096954
